activity,theta mean,theta stdev,phi mean,phi stdev
wlk,90.79455124285205,33.52355738384341,0.23065720639065682,99.84127706189955
ups,94.75205085088875,32.00641938548082,18.115789865931063,97.58572191409286
dws,95.27367093033256,34.41186084622449,-0.0211423969130054,102.3479237749311
std,94.6225695405819,31.243696028179883,-15.428056294890647,98.42911060830079
sit,95.92815679580474,26.895790716626763,29.11564576721508,92.35500095425407
jog,90.8849818993054,33.609791730648645,1.9411676325297693,100.04711380252226
